{
  "NetworkTables": {
    "transitory": {
      "SmartDashboard": {
        "open": true
      }
    },
    "types": {
      "/FMSInfo": "FMSInfo"
    }
  },
  "NetworkTables Info": {
    "visible": true
  },
  "NetworkTables Settings": {
    "mode": "Client (NT4)",
    "visible": false
  },
  "Plots": {
    "Plot <0>": {
      "plots": [
        {
          "axis": [
            {
              "autoFit": true
            }
          ],
          "backgroundColor": [
            0.0,
            0.0,
            0.0,
            0.8500000238418579
          ],
          "height": 332,
          "series": [
            {
              "color": [
                0.2980392277240753,
                0.44705885648727417,
                0.6901960968971252,
                1.0
              ],
              "id": "NT:/SmartDashboard/roller amps"
            }
          ]
        }
      ],
      "window": {
        "visible": false
      }
    },
    "Plot <1>": {
      "plots": [
        {
          "axis": [
            {
              "autoFit": true
            }
          ],
          "backgroundColor": [
            0.0,
            0.0,
            0.0,
            0.8500000238418579
          ],
          "height": 332,
          "series": [
            {
              "color": [
                0.2980392277240753,
                0.44705885648727417,
                0.6901960968971252,
                1.0
              ],
              "id": "NT:/SmartDashboard/roller speeed"
            }
          ]
        }
      ],
      "window": {
        "visible": false
      }
    },
    "Plot <2>": {
      "plots": [
        {
          "axis": [
            {
              "autoFit": true
            }
          ],
          "backgroundColor": [
            0.0,
            0.0,
            0.0,
            0.8500000238418579
          ],
          "height": 332,
          "series": [
            {
              "color": [
                0.2980392277240753,
                0.44705885648727417,
                0.6901960968971252,
                1.0
              ],
              "id": "NT:/SmartDashboard/position"
            }
          ]
        }
      ]
    },
    "Plot <3>": {
      "plots": [
        {
          "axis": [
            {
              "autoFit": true
            }
          ],
          "backgroundColor": [
            0.0,
            0.0,
            0.0,
            0.8500000238418579
          ],
          "height": 332,
          "series": [
            {
              "color": [
                0.2980392277240753,
                0.44705885648727417,
                0.6901960968971252,
                1.0
              ],
              "id": "NT:/SmartDashboard/supply"
            },
            {
              "color": [
                0.8666667342185974,
                0.5176470875740051,
                0.32156863808631897,
                1.0
              ],
              "id": "NT:/SmartDashboard/stator"
            }
          ]
        }
      ]
    }
  }
}
